Time Opened,Time Closed,Asset,Direction,Entry Price,Exit Price,PnL %,Est PnL USD,Exit Reason,Held (mins),Entry RSI,Entry Trend,Strategy
2026-06-05T13:48:56.121037+00:00,2026-06-05T13:57:56.542806+00:00,BTC/USDT,long,61567.4,60828.8,-1.1997,-369.3,stop_loss,9.0,34.17,DOWN,01
2026-06-05T16:03:04.035745+00:00,2026-06-05T16:23:05.130995+00:00,BTC/USDT,long,60205.0,61479.8,2.1174,637.4,take_profit,20.0,18.82,DOWN,01
2026-06-05T18:27:49.794706+00:00,2026-06-05T18:51:51.050171+00:00,BTC/USDT,long,60229.4,59564.9,-1.1033,-332.25,stop_loss,24.0,30.25,DOWN,01
2026-06-05T19:56:01.503358+00:00,2026-06-05T20:10:02.586005+00:00,BTC/USDT,short,60217.0,60900.6,-1.1352,-341.8,stop_loss,14.0,66.88,UP,01
2026-06-05T20:12:43.234231+00:00,2026-06-05T20:47:44.870483+00:00,BTC/USDT,short,60741.2,61381.4,-1.054,-320.1,stop_loss,35.0,67.37,UP,01
2026-06-05T23:04:12.284101+00:00,2026-06-05T23:26:13.441186+00:00,BTC/USDT,long,61503.6,60873.7,-1.0242,-314.95,stop_loss,22.0,40.65,DOWN,03
2026-06-06T09:48:18.803496+00:00,2026-06-06T10:31:21.093433+00:00,BTC/USDT,long,60932.9,60274.7,-1.0802,-131.64,stop_loss,43.0,44.97,DOWN,12
2026-06-06T14:59:53.946410+00:00,2026-06-06T15:15:58.549618+00:00,BTC/USDT,long,60792.3,60585.7,-0.3398,-41.32,stop_loss,16.1,44.82,DOWN,15
2026-06-06T15:28:59.404703+00:00,2026-06-06T15:41:40.146503+00:00,BTC/USDT,long,60638.1,60856.3,0.3598,109.1,take_profit,12.7,44.24,UP,15
2026-06-06T15:50:04.026188+00:00,2026-06-06T16:10:47.947147+00:00,BTC/USDT,long,60814.5,60723.5,-0.1496,-45.5,time_exit,20.7,43.69,UP,15
2026-06-06T16:12:07.219992+00:00,2026-06-06T16:30:25.646783+00:00,BTC/USDT,long,60788.5,60581.5,-0.3405,-103.5,stop_loss,18.3,41.02,DOWN,15
2026-06-06T16:30:30.972931+00:00,2026-06-06T16:45:04.732297+00:00,BTC/USDT,long,60581.5,60771.8,0.3141,95.15,take_profit,14.6,32.69,DOWN,15
2026-06-06T17:01:55.090588+00:00,2026-06-06T17:10:43.100300+00:00,BTC/USDT,long,60831.1,60605.1,-0.3715,-113.0,stop_loss,8.8,43.63,UP,15
2026-06-06T17:10:48.172282+00:00,2026-06-06T17:31:36.980144+00:00,BTC/USDT,long,60605.1,60707.1,0.1683,51.0,time_exit,20.8,38.18,DOWN,15
2026-06-06T17:44:21.839552+00:00,2026-06-06T18:05:10.150362+00:00,BTC/USDT,long,60679.8,60593.8,-0.1417,-43.0,time_exit,20.8,40.38,DOWN,15
2026-06-06T18:41:14.952027+00:00,2026-06-06T19:01:54.351137+00:00,BTC/USDT,long,60644.7,60598.1,-0.0768,-23.3,time_exit,20.7,43.59,UP,15
2026-06-06T19:04:10.366345+00:00,2026-06-06T19:09:38.741835+00:00,BTC/USDT,long,60562.5,60749.7,0.3091,93.6,take_profit,5.5,42.83,DOWN,15
2026-06-06T19:23:33.392881+00:00,2026-06-06T19:43:46.781080+00:00,BTC/USDT,long,60637.2,60605.1,-0.0529,-16.05,time_exit,20.2,42.12,DOWN,15
2026-06-06T19:55:12.759739+00:00,2026-06-06T20:15:59.327629+00:00,BTC/USDT,long,60608.4,60574.6,-0.0558,-16.9,time_exit,20.8,44.18,DOWN,15
2026-06-06T20:50:05.083709+00:00,2026-06-06T21:10:55.728443+00:00,BTC/USDT,long,60673.8,60773.8,0.1648,50.0,time_exit,20.8,43.62,DOWN,15
2026-06-06T21:36:28.911883+00:00,2026-06-06T21:56:43.068431+00:00,BTC/USDT,long,60894.2,60795.4,-0.1622,-49.4,time_exit,20.2,41.77,DOWN,16
2026-06-06T22:00:12.533774+00:00,2026-06-06T22:21:01.388577+00:00,BTC/USDT,long,60693.2,60733.3,0.0661,20.05,time_exit,20.8,36.22,DOWN,16
2026-06-06T22:30:04.565989+00:00,2026-06-06T22:48:45.711237+00:00,BTC/USDT,long,60467.0,60648.5,0.3002,90.75,take_profit,18.7,28.53,DOWN,16
2026-06-07T00:11:24.497178+00:00,2026-06-07T00:32:07.116384+00:00,BTC/USDT,long,60808.9,60940.6,0.2166,65.85,time_exit,20.7,36.93,DOWN,16
2026-06-07T00:40:54.197072+00:00,2026-06-07T01:01:32.009831+00:00,BTC/USDT,long,60841.7,60776.7,-0.1068,-32.5,time_exit,20.6,37.5,DOWN,16
2026-06-07T01:25:51.121769+00:00,2026-06-07T01:46:30.749987+00:00,BTC/USDT,long,61540.7,61385.0,-0.253,-77.85,time_exit,20.7,37.85,UP,16
2026-06-07T02:19:42.645117+00:00,2026-06-07T02:40:22.008373+00:00,BTC/USDT,long,61297.3,61280.5,-0.0274,-8.4,time_exit,20.7,37.24,DOWN,16
2026-06-07T03:33:20.543392+00:00,2026-06-07T03:53:59.734741+00:00,BTC/USDT,long,61657.5,61644.7,-0.0208,-6.4,time_exit,20.7,33.61,UP,16
2026-06-07T03:57:34.553824+00:00,2026-06-07T04:17:40.114092+00:00,BTC/USDT,long,61677.3,61597.2,-0.1299,-40.05,time_exit,20.1,33.67,UP,16
2026-06-07T04:33:19.857726+00:00,2026-06-07T04:42:06.312001+00:00,BTC/USDT,long,61573.9,61773.5,0.3242,99.8,take_profit,8.8,36.65,UP,16
2026-06-07T05:11:59.880865+00:00,2026-06-07T05:18:52.872915+00:00,BTC/USDT,long,61814.2,62011.9,0.3198,98.85,take_profit,6.9,37.21,DOWN,16
2026-06-07T05:27:45.081901+00:00,2026-06-07T05:33:44.022008+00:00,BTC/USDT,long,61858.7,61659.5,-0.322,-99.6,stop_loss,6.0,37.85,DOWN,16
2026-06-07T05:33:48.548377+00:00,2026-06-07T05:39:49.345429+00:00,BTC/USDT,long,61659.5,61857.6,0.3213,99.05,take_profit,6.0,35.11,DOWN,16
2026-06-07T06:03:44.299360+00:00,2026-06-07T06:23:25.461653+00:00,BTC/USDT,long,61671.5,61858.8,0.3037,93.65,take_profit,19.7,36.18,DOWN,16
2026-06-07T06:33:32.116085+00:00,2026-06-07T06:54:17.120923+00:00,BTC/USDT,long,62092.3,62050.6,-0.0672,-20.85,time_exit,20.8,37.13,UP,16
2026-06-07T06:56:38.112540+00:00,2026-06-07T07:16:44.696475+00:00,BTC/USDT,long,62064.1,62162.5,0.1585,49.2,time_exit,20.1,37.49,DOWN,16
2026-06-07T08:41:11.609434+00:00,2026-06-07T08:46:54.799289+00:00,BTC/USDT,long,62457.7,62734.5,0.4432,138.4,take_profit,5.7,33.58,DOWN,16
2026-06-07T09:08:19.187767+00:00,2026-06-07T09:24:03.425605+00:00,BTC/USDT,long,62870.6,62663.8,-0.3289,-103.4,stop_loss,15.7,36.58,UP,16
2026-06-07T09:32:34.876543+00:00,2026-06-07T09:53:10.624012+00:00,BTC/USDT,long,62608.3,62614.2,0.0094,2.95,time_exit,20.6,37.47,DOWN,16
2026-06-07T10:05:52.905140+00:00,2026-06-07T10:26:39.628021+00:00,BTC/USDT,long,62422.8,62519.2,0.1544,48.2,time_exit,20.8,29.39,DOWN,16
2026-06-07T10:37:30.376424+00:00,2026-06-07T10:58:14.076341+00:00,BTC/USDT,long,62411.9,62444.7,0.0526,16.4,time_exit,20.7,37.57,DOWN,16
2026-06-07T11:00:40.737529+00:00,2026-06-07T11:21:25.496407+00:00,BTC/USDT,long,62433.9,62501.4,0.1081,33.75,time_exit,20.7,37.88,UP,16
2026-06-07T11:51:25.569243+00:00,2026-06-07T12:10:15.947020+00:00,BTC/USDT,long,62632.0,62416.4,-0.3442,-107.8,stop_loss,18.8,37.11,DOWN,16
2026-06-07T12:12:05.506539+00:00,2026-06-07T12:18:11.421242+00:00,BTC/USDT,long,62238.7,62009.0,-0.3691,-114.85,stop_loss,6.1,24.09,DOWN,16
2026-06-07T12:29:00.194802+00:00,2026-06-07T12:34:49.982066+00:00,BTC/USDT,long,61993.5,61799.3,-0.3133,-97.1,stop_loss,5.8,37.5,DOWN,16
2026-06-07T12:34:54.522604+00:00,2026-06-07T12:55:14.919547+00:00,BTC/USDT,long,61799.3,61858.3,0.0955,29.5,time_exit,20.3,35.87,DOWN,16
2026-06-07T13:11:27.923224+00:00,2026-06-07T13:32:15.693506+00:00,BTC/USDT,long,61742.8,61895.9,0.248,76.55,time_exit,20.8,28.53,DOWN,16
2026-06-07T13:40:13.611943+00:00,2026-06-07T14:00:58.953186+00:00,BTC/USDT,long,61755.2,61742.3,-0.0209,-6.45,time_exit,20.8,36.66,DOWN,16
2026-06-07T14:46:44.126503+00:00,2026-06-07T15:07:33.812054+00:00,BTC/USDT,long,61864.9,61694.5,-0.2754,-85.2,time_exit,20.8,36.45,DOWN,16
2026-06-07T15:51:35.100736+00:00,2026-06-07T16:11:53.279142+00:00,BTC/USDT,long,62074.0,61973.2,-0.1624,-50.4,time_exit,20.3,37.13,UP,16
